Item(s),Item 1,Item 2,Item 3,Item 4,Item 5,Item 6,Item 7,Item 8,Item 9
4,citrus fruit,semi-finished bread,margarine,ready soups,,,,,
3,tropical fruit,yogurt,coffee,,,,,,
1,whole milk,,,,,,,,
4,pip fruit,yogurt,cream cheese,meat spreads,,,,,
4,other vegetables,whole milk,condensed milk,long life bakery product,,,,,
5,whole milk,butter,yogurt,rice,abrasive cleaner,,,,
1,rolls/buns,,,,,,,,
5,other vegetables,UHT-milk,rolls/buns,bottled beer,liquor (appetizer),,,,
1,potted plants,,,,,,,,
2,whole milk,cereals,,,,,,,
5,tropical fruit,other vegetables,white bread,bottled water,chocolate,,,,
9,citrus fruit,tropical fruit,whole milk,butter,curd,yogurt,flour,bottled water,dishes
1,beef,,,,,,,,
3,frankfurter,rolls/buns,soda,,,,,,
2,chicken,tropical fruit,,,,,,,
4,butter,sugar,fruit/vegetable juice,newspapers,,,,,
1,fruit/vegetable juice,,,,,,,,
1,packaged fruit/vegetables,,,,,,,,
1,chocolate,,,,,,,,
1,specialty bar,,,,,,,,
1,other vegetables,,,,,,,,
2,butter milk,pastry,,,,,,,
1,whole milk,,,,,,,,
5,tropical fruit,cream cheese,processed cheese,detergent,newspapers,,,,
11,tropical fruit,root vegetables,other vegetables,frozen dessert,rolls/buns,flour,sweet spreads,salty snack,waffles
2,bottled water,canned beer,,,,,,,
1,yogurt,,,,,,,,
4,sausage,rolls/buns,soda,chocolate,,,,,
1,other vegetables,,,,,,,,
6,brown bread,soda,fruit/vegetable juice,canned beer,newspapers,shopping bags,,,
4,yogurt,beverages,bottled water,specialty bar,,,,,
7,hamburger meat,other vegetables,rolls/buns,spices,bottled water,hygiene articles,napkins,,
5,root vegetables,other vegetables,whole milk,beverages,sugar,,,,
8,pork,berries,other vegetables,whole milk,whipped/sour cream,artif. sweetener,soda,abrasive cleaner,
3,beef,grapes,detergent,,,,,,
2,pastry,soda,,,,,,,
1,fruit/vegetable juice,,,,,,,,
1,canned beer,,,,,,,,
4,root vegetables,other vegetables,whole milk,dessert,,,,,
3,citrus fruit,zwieback,newspapers,,,,,,
6,sausage,rolls/buns,soda,canned beer,specialty bar,shopping bags,,,
13,tropical fruit,root vegetables,whole milk,yogurt,domestic eggs,brown bread,pastry,sugar,cereals
2,berries,yogurt,,,,,,,
1,canned beer,,,,,,,,
8,butter milk,yogurt,cream cheese,spread cheese,rolls/buns,bottled water,soda,newspapers,
1,coffee,,,,,,,,
2,pastry,bottled water,,,,,,,
1,rolls/buns,,,,,,,,
1,misc. beverages,,,,,,,,
10,root vegetables,other vegetables,butter,curd,whipped/sour cream,UHT-milk,hard cheese,rolls/buns,bottled water
4,sausage,rolls/buns,cat food,newspapers,,,,,
1,canned beer,,,,,,,,
4,ham,grapes,other vegetables,whole milk,,,,,
10,turkey,tropical fruit,other vegetables,curd,domestic eggs,brown bread,semi-finished bread,margarine,baking powder
5,whole milk,yogurt,processed cheese,pickled vegetables,soda,,,,
4,whole milk,curd,yogurt,pastry,,,,,
3,packaged fruit/vegetables,brown bread,canned beer,,,,,,
7,rolls/buns,oil,bottled water,chewing gum,chocolate marshmallow,hygiene articles,napkins,,
6,ham,beef,whipped/sour cream,ice cream,rolls/buns,cat food,,,
3,rolls/buns,pastry,sugar,,,,,,
7,other vegetables,whole milk,frozen vegetables,canned fish,salty snack,seasonal products,detergent,,
2,sausage,pastry,,,,,,,
3,sausage,beef,whole milk,,,,,,
5,frankfurter,tropical fruit,rolls/buns,brown bread,sugar,,,,
3,rolls/buns,pastry,soda,,,,,,
1,whole milk,,,,,,,,
2,curd cheese,coffee,,,,,,,
2,red/blush wine,newspapers,,,,,,,
3,sausage,whole milk,curd,,,,,,
8,tropical fruit,pip fruit,berries,whole milk,frozen potato products,rolls/buns,pickled vegetables,chocolate,
1,red/blush wine,,,,,,,,
7,whole milk,butter,margarine,specialty fat,specialty chocolate,candles,flower (seeds),,
8,frankfurter,citrus fruit,whole milk,domestic eggs,oil,sparkling wine,specialty chocolate,newspapers,
3,whole milk,meat spreads,soda,,,,,,
1,frozen potato products,,,,,,,,
4,other vegetables,whole milk,rolls/buns,sugar,,,,,
5,citrus fruit,whole milk,curd,butter milk,pastry,,,,
5,flour,salt,bottled water,fruit/vegetable juice,bottled beer,,,,
4,sugar,bottled water,soda,bottled beer,,,,,
2,frozen meals,coffee,,,,,,,
1,chocolate,,,,,,,,
10,root vegetables,whole milk,frozen vegetables,domestic eggs,rolls/buns,oil,margarine,canned vegetables,fruit/vegetable juice
4,root vegetables,onions,hard cheese,frozen vegetables,,,,,
7,herbs,condensed milk,frozen vegetables,salt,oil,white wine,candles,,
1,bottled water,,,,,,,,
7,sausage,root vegetables,onions,yogurt,rolls/buns,brandy,detergent,,
2,coffee,newspapers,,,,,,,
3,pork,other vegetables,whipped/sour cream,,,,,,
2,berries,yogurt,,,,,,,
1,soda,,,,,,,,
1,berries,,,,,,,,
3,fruit/vegetable juice,salty snack,candles,,,,,,
4,citrus fruit,butter milk,yogurt,cream cheese,,,,,
9,pork,hamburger meat,citrus fruit,berries,onions,whipped/sour cream,rice,coffee,chocolate
1,detergent,,,,,,,,
2,grapes,photo/film,,,,,,,
9,sausage,sliced cheese,rolls/buns,brown bread,fruit/vegetable juice,canned beer,red/blush wine,waffles,shopping bags
10,chicken,hamburger meat,citrus fruit,tropical fruit,root vegetables,other vegetables,butter,pasta,oil
3,whole milk,yogurt,brown bread,,,,,,
2,citrus fruit,tropical fruit,,,,,,,
2,soda,misc. beverages,,,,,,,
9,sausage,pork,grapes,whole milk,rolls/buns,pastry,soda,specialty bar,bathroom cleaner
3,frankfurter,rolls/buns,bottled water,,,,,,
10,sausage,whole milk,yogurt,coffee,fruit/vegetable juice,bottled beer,softener,napkins,photo/film
1,soda,,,,,,,,
2,rolls/buns,fruit/vegetable juice,,,,,,,
6,beef,citrus fruit,berries,root vegetables,brown bread,detergent,,,
7,whole milk,whipped/sour cream,rolls/buns,soda,waffles,candy,cling film/bags,,
1,processed cheese,,,,,,,,
2,tropical fruit,pip fruit,,,,,,,
10,frankfurter,sausage,root vegetables,other vegetables,rolls/buns,oil,pickled vegetables,bottled beer,chewing gum
2,packaged fruit/vegetables,bottled water,,,,,,,
8,whole milk,dessert,frozen vegetables,rolls/buns,margarine,bottled water,red/blush wine,newspapers,
2,berries,whipped/sour cream,,,,,,,
4,citrus fruit,berries,UHT-milk,processed cheese,,,,,
3,tropical fruit,whole milk,yogurt,,,,,,
6,hamburger meat,whole milk,frozen vegetables,rolls/buns,bottled beer,sparkling wine,,,
7,hamburger meat,other vegetables,whole milk,frozen vegetables,domestic eggs,soda,dishes,,
3,whole milk,cream cheese,soda,,,,,,
8,fish,other vegetables,pastry,margarine,coffee,long life bakery product,male cosmetics,shopping bags,
4,frankfurter,sausage,long life bakery product,waffles,,,,,
4,packaged fruit/vegetables,dessert,semi-finished bread,canned beer,,,,,
2,pastry,soda,,,,,,,
2,other vegetables,red/blush wine,,,,,,,
1,misc. beverages,,,,,,,,
15,frankfurter,sausage,citrus fruit,tropical fruit,pip fruit,whole milk,hard cheese,cream cheese,domestic eggs
1,sparkling wine,,,,,,,,
1,specialty bar,,,,,,,,
3,sausage,butter milk,rolls/buns,,,,,,
1,curd cheese,,,,,,,,
2,frankfurter,dessert,,,,,,,
5,whole milk,yogurt,beverages,brown bread,shopping bags,,,,
1,newspapers,,,,,,,,
2,berries,soda,,,,,,,
3,curd,flour,liquor (appetizer),,,,,,
3,tropical fruit,other vegetables,coffee,,,,,,
1,soda,,,,,,,,
2,rolls/buns,Instant food products,,,,,,,
1,canned beer,,,,,,,,
1,canned beer,,,,,,,,
5,frankfurter,sausage,whole milk,rolls/buns,margarine,,,,
3,other vegetables,misc. beverages,canned beer,,,,,,
2,whole milk,frozen vegetables,,,,,,,
1,whole milk,,,,,,,,
7,citrus fruit,butter,cream cheese,white bread,oil,margarine,newspapers,,
2,frankfurter,rolls/buns,,,,,,,
10,frankfurter,ham,pip fruit,other vegetables,whole milk,soft cheese,frozen vegetables,rolls/buns,sugar
5,butter milk,yogurt,honey,soda,detergent,,,,
6,hamburger meat,citrus fruit,onions,rolls/buns,bottled water,dental care,,,
2,pasta,popcorn,,,,,,,
6,other vegetables,whole milk,meat spreads,cake bar,chocolate,shopping bags,,,
7,sausage,pork,citrus fruit,dessert,white bread,dishes,candles,,
1,rolls/buns,,,,,,,,
6,grapes,other vegetables,curd,dessert,yogurt,napkins,,,
9,root vegetables,other vegetables,whole milk,yogurt,beverages,soft cheese,frozen vegetables,fruit/vegetable juice,bottled beer
2,coffee,shopping bags,,,,,,,
1,popcorn,,,,,,,,
5,whole milk,rolls/buns,sugar,bottled water,soda,,,,
5,tropical fruit,other vegetables,packaged fruit/vegetables,whole milk,snack products,,,,
5,beef,herbs,flour,cling film/bags,flower soil/fertilizer,,,,
4,whole milk,butter,dessert,rolls/buns,,,,,
3,frankfurter,soda,chewing gum,,,,,,
3,tropical fruit,specialty cheese,bottled water,,,,,,
1,canned beer,,,,,,,,
4,finished products,other vegetables,frozen vegetables,bottled beer,,,,,
2,beverages,soda,,,,,,,
3,hamburger meat,root vegetables,whole milk,,,,,,
3,whole milk,pastry,long life bakery product,,,,,,
3,finished products,white wine,shopping bags,,,,,,
1,other vegetables,,,,,,,,
8,ham,tropical fruit,other vegetables,whole milk,white bread,brown bread,fruit/vegetable juice,bottled beer,
1,other vegetables,,,,,,,,
5,curd,butter milk,cocoa drinks,salty snack,popcorn,,,,
1,bottled beer,,,,,,,,
8,curd,dessert,soda,salty snack,waffles,cake bar,chocolate,shopping bags,
4,whole milk,cream cheese,cereals,dog food,,,,,
2,whole milk,salt,,,,,,,
2,dessert,ice cream,,,,,,,
3,sausage,soft cheese,coffee,,,,,,
5,other vegetables,bottled water,waffles,dishes,shopping bags,,,,
3,ham,whole milk,rolls/buns,,,,,,
2,other vegetables,ice cream,,,,,,,
2,other vegetables,bottled water,,,,,,,
4,soda,bottled beer,white wine,prosecco,,,,,
2,herbs,candy,,,,,,,
23,frankfurter,ham,tropical fruit,pip fruit,root vegetables,other vegetables,whole milk,butter,curd
2,rolls/buns,canned beer,,,,,,,
7,curd,cream cheese,semi-finished bread,zwieback,cake bar,specialty bar,shopping bags,,
6,frankfurter,tropical fruit,whole milk,spread cheese,margarine,shopping bags,,,
1,other vegetables,,,,,,,,
1,dog food,,,,,,,,
1,specialty bar,,,,,,,,
5,curd,salt,liquor (appetizer),detergent,shopping bags,,,,
2,frankfurter,rolls/buns,,,,,,,
1,soda,,,,,,,,
7,beef,berries,root vegetables,whole milk,dessert,spread cheese,brown bread,,
1,canned beer,,,,,,,,
5,pork,beef,pip fruit,herbs,spices,,,,
5,frankfurter,citrus fruit,UHT-milk,margarine,sugar,,,,
3,sausage,bottled beer,liquor (appetizer),,,,,,
1,canned beer,,,,,,,,
1,specialty chocolate,,,,,,,,
2,curd,rolls/buns,,,,,,,
1,canned beer,,,,,,,,
3,whole milk,bottled water,newspapers,,,,,,
2,rolls/buns,chewing gum,,,,,,,
5,pork,root vegetables,other vegetables,whole milk,dishes,,,,
2,citrus fruit,pastry,,,,,,,
1,potted plants,,,,,,,,
3,rolls/buns,pastry,soda,,,,,,
6,butter,yogurt,bottled water,soda,make up remover,hygiene articles,,,
4,condensed milk,sugar,coffee,shopping bags,,,,,
5,sausage,other vegetables,yogurt,soda,shopping bags,,,,
4,whole milk,beverages,UHT-milk,soda,,,,,
6,sausage,pork,beef,whole milk,rolls/buns,margarine,,,
1,beverages,,,,,,,,
2,beverages,specialty bar,,,,,,,
2,bottled water,fruit/vegetable juice,,,,,,,
1,newspapers,,,,,,,,
2,cleaner,female sanitary products,,,,,,,
4,sausage,soda,newspapers,shopping bags,,,,,
1,newspapers,,,,,,,,
12,sausage,beef,citrus fruit,other vegetables,whole milk,butter milk,whipped/sour cream,beverages,hard cheese
2,misc. beverages,newspapers,,,,,,,
1,white wine,,,,,,,,
6,sausage,sliced cheese,rolls/buns,soda,canned beer,shopping bags,,,
4,meat,curd,bottled beer,cake bar,,,,,
8,frankfurter,meat,tropical fruit,onions,oil,baking powder,tea,cling film/bags,
3,ice cream,rolls/buns,canned beer,,,,,,
1,canned beer,,,,,,,,
6,tropical fruit,berries,root vegetables,other vegetables,bottled water,shopping bags,,,
12,meat,citrus fruit,other vegetables,curd,dessert,butter milk,beverages,cream cheese,rolls/buns
3,whole milk,mustard,bottled water,,,,,,
8,sausage,beef,beverages,sliced cheese,rolls/buns,spices,house keeping products,flower (seeds),
9,frankfurter,sausage,root vegetables,butter,curd,sliced cheese,rolls/buns,salty snack,long life bakery product
4,meat,other vegetables,butter,rolls/buns,,,,,
5,root vegetables,beverages,Instant food products,pickled vegetables,detergent,,,,
6,root vegetables,herbs,other vegetables,whole milk,sliced cheese,rolls/buns,,,
4,whole milk,whipped/sour cream,semi-finished bread,margarine,,,,,
16,citrus fruit,whole milk,curd,dessert,yogurt,whipped/sour cream,frozen dessert,rolls/buns,salt
7,citrus fruit,curd,pastry,margarine,sugar,candy,newspapers,,
8,other vegetables,whole milk,bottled water,soda,misc. beverages,bottled beer,red/blush wine,napkins,
3,citrus fruit,whole milk,rolls/buns,,,,,,
4,sausage,oil,hygiene articles,napkins,,,,,
11,frankfurter,beef,hamburger meat,grapes,root vegetables,whole milk,butter,frozen dessert,potato products
4,hard cheese,rolls/buns,bottled water,newspapers,,,,,
4,cream cheese,rolls/buns,soda,chocolate,,,,,
5,turkey,beef,frozen vegetables,dishes,photo/film,,,,
6,pork,other vegetables,whipped/sour cream,rolls/buns,soda,shopping bags,,,
2,whole milk,beverages,,,,,,,
2,rolls/buns,soda,,,,,,,
9,sausage,pip fruit,whole milk,curd,yogurt,sliced cheese,rolls/buns,bottled water,hygiene articles
1,ice cream,,,,,,,,
1,liquor,,,,,,,,
3,pip fruit,other vegetables,fruit/vegetable juice,,,,,,
3,root vegetables,other vegetables,yogurt,,,,,,
1,soda,,,,,,,,
1,soda,,,,,,,,
11,sausage,citrus fruit,tropical fruit,other vegetables,whole milk,yogurt,rolls/buns,bottled water,soda
4,root vegetables,whole milk,pet care,detergent,,,,,
6,pork,berries,root vegetables,other vegetables,pastry,specialty bar,,,
1,pork,,,,,,,,
1,chocolate,,,,,,,,
1,fruit/vegetable juice,,,,,,,,
2,pickled vegetables,coffee,,,,,,,
1,bottled water,,,,,,,,
7,frankfurter,sausage,butter,whipped/sour cream,rolls/buns,margarine,spices,,
12,tropical fruit,pip fruit,onions,other vegetables,whole milk,domestic eggs,sugar,soups,tea
1,canned beer,,,,,,,,
1,root vegetables,,,,,,,,
6,meat,citrus fruit,berries,root vegetables,whole milk,soda,,,
5,frankfurter,rolls/buns,bottled water,fruit/vegetable juice,hygiene articles,,,,
3,tropical fruit,margarine,rum,,,,,,
8,tropical fruit,root vegetables,herbs,whole milk,butter milk,whipped/sour cream,flour,hygiene articles,
11,citrus fruit,pip fruit,root vegetables,other vegetables,whole milk,cream cheese,domestic eggs,brown bread,margarine
11,hamburger meat,other vegetables,whole milk,curd,yogurt,rolls/buns,pastry,semi-finished bread,margarine
11,chicken,pip fruit,other vegetables,whole milk,dessert,yogurt,whipped/sour cream,rolls/buns,pasta
7,chicken,citrus fruit,tropical fruit,root vegetables,whole milk,frozen fish,rolls/buns,,
8,frankfurter,citrus fruit,onions,other vegetables,whole milk,rolls/buns,sugar,soda,
1,canned beer,,,,,,,,
4,turkey,pip fruit,salad dressing,pastry,,,,,
10,packaged fruit/vegetables,whole milk,curd,yogurt,domestic eggs,brown bread,mustard,pickled vegetables,bottled water
1,pasta,,,,,,,,
2,citrus fruit,tropical fruit,,,,,,,
6,sausage,whole milk,yogurt,rolls/buns,brown bread,potted plants,,,
5,whole milk,frozen meals,pastry,fruit/vegetable juice,waffles,,,,
1,canned beer,,,,,,,,
3,citrus fruit,sugar,sauces,,,,,,
1,liquor (appetizer),,,,,,,,
5,citrus fruit,other vegetables,rolls/buns,salty snack,shopping bags,,,,
1,sausage,,,,,,,,
9,chicken,other vegetables,whole milk,vinegar,oil,bottled water,canned beer,napkins,newspapers
9,hamburger meat,root vegetables,other vegetables,whole milk,yogurt,whipped/sour cream,specialty cheese,flour,margarine
7,sausage,pork,other vegetables,dessert,yogurt,oil,soda,,
6,beef,berries,root vegetables,whole milk,whipped/sour cream,abrasive cleaner,,,
4,citrus fruit,packaged fruit/vegetables,yogurt,bottled water,,,,,
2,UHT-milk,coffee,,,,,,,
1,candy,,,,,,,,
1,newspapers,,,,,,,,
4,beef,citrus fruit,other vegetables,yogurt,,,,,
2,sausage,rolls/buns,,,,,,,
13,frankfurter,beef,root vegetables,curd,dessert,yogurt,soft cheese,rolls/buns,mustard
1,canned beer,,,,,,,,
1,bottled beer,,,,,,,,
5,onions,soda,chewing gum,chocolate,newspapers,,,,
5,tropical fruit,packaged fruit/vegetables,cream cheese,white bread,candy,,,,
2,bottled water,white wine,,,,,,,
5,beef,white bread,pastry,pasta,soap,,,,
9,sausage,chicken,tropical fruit,root vegetables,whole milk,yogurt,candy,abrasive cleaner,cleaner
1,hair spray,,,,,,,,
5,chicken,whole milk,spices,long life bakery product,shopping bags,,,,
6,pork,citrus fruit,brown bread,pastry,sugar,cat food,,,
1,ice cream,,,,,,,,
3,meat,hard cheese,bottled beer,,,,,,
4,other vegetables,yogurt,brown bread,instant coffee,,,,,
2,bottled water,cake bar,,,,,,,
3,tropical fruit,soda,salty snack,,,,,,
1,photo/film,,,,,,,,
7,sausage,citrus fruit,yogurt,coffee,soda,canned beer,dishes,,
2,grapes,root vegetables,,,,,,,
3,domestic eggs,brown bread,photo/film,,,,,,
3,rolls/buns,canned fish,canned beer,,,,,,
2,tropical fruit,whole milk,,,,,,,
1,chicken,,,,,,,,
5,frankfurter,other vegetables,yogurt,brown bread,bottled water,,,,
11,berries,root vegetables,other vegetables,curd,butter milk,cream cheese,roll products,margarine,misc. beverages
2,margarine,hygiene articles,,,,,,,
5,tropical fruit,yogurt,rolls/buns,soda,shopping bags,,,,
9,ham,other vegetables,whipped/sour cream,hard cheese,rolls/buns,soda,misc. beverages,chocolate,candy
3,hamburger meat,white bread,salty snack,,,,,,
5,yogurt,mayonnaise,rolls/buns,soda,napkins,,,,
2,soda,specialty chocolate,,,,,,,
1,yogurt,,,,,,,,
1,soda,,,,,,,,
1,bottled water,,,,,,,,
4,sausage,meat,hamburger meat,rubbing alcohol,,,,,
8,citrus fruit,pip fruit,beverages,hard cheese,pet care,soda,fruit/vegetable juice,waffles,
1,shopping bags,,,,,,,,
1,newspapers,,,,,,,,
8,frankfurter,other vegetables,whole milk,curd,frozen potato products,zwieback,specialty bar,dish cleaner,
4,sausage,citrus fruit,whole milk,canned beer,,,,,
2,frankfurter,rolls/buns,,,,,,,
3,salt,salty snack,cookware,,,,,,
1,oil,,,,,,,,
8,curd,beverages,cream cheese,rolls/buns,pastry,soda,cake bar,chewing gum,
3,other vegetables,butter,specialty chocolate,,,,,,
1,citrus fruit,,,,,,,,
3,frankfurter,whole milk,butter milk,,,,,,
6,root vegetables,whole milk,butter,processed cheese,mayonnaise,salty snack,,,
4,tropical fruit,whole milk,frozen meals,bottled beer,,,,,
3,beef,hamburger meat,pip fruit,,,,,,
5,berries,whipped/sour cream,cereals,waffles,shopping bags,,,,
1,canned beer,,,,,,,,
3,whipped/sour cream,canned beer,red/blush wine,,,,,,
5,root vegetables,domestic eggs,margarine,chocolate marshmallow,candy,,,,
2,whole milk,soda,,,,,,,
1,beef,,,,,,,,
1,frozen vegetables,,,,,,,,
2,rolls/buns,bottled beer,,,,,,,
2,whole milk,hygiene articles,,,,,,,
1,whole milk,,,,,,,,
4,citrus fruit,whole milk,curd,soft cheese,,,,,
2,pastry,fruit/vegetable juice,,,,,,,
8,frankfurter,sausage,pork,pip fruit,butter,processed cheese,white bread,brown bread,
5,tropical fruit,root vegetables,whole milk,whipped/sour cream,domestic eggs,,,,
7,frankfurter,sausage,root vegetables,yogurt,whipped/sour cream,pastry,napkins,,
10,berries,root vegetables,other vegetables,packaged fruit/vegetables,whole milk,curd,curd cheese,cat food,specialty bar
5,rolls/buns,brown bread,pastry,coffee,bottled beer,,,,
7,root vegetables,packaged fruit/vegetables,curd,dessert,frozen vegetables,specialty fat,coffee,,
1,yogurt,,,,,,,,
2,other vegetables,bottled water,,,,,,,
2,berries,white bread,,,,,,,
2,berries,coffee,,,,,,,
4,other vegetables,butter milk,frozen meals,bottled water,,,,,
2,rolls/buns,newspapers,,,,,,,
8,ham,citrus fruit,whole milk,whipped/sour cream,rolls/buns,pastry,waffles,hygiene articles,
4,whole milk,frozen dessert,salty snack,napkins,,,,,
4,tropical fruit,butter milk,rolls/buns,bottled water,,,,,
1,bottled water,,,,,,,,
2,butter milk,yogurt,,,,,,,
1,newspapers,,,,,,,,
1,coffee,,,,,,,,
2,bottled beer,liquor,,,,,,,
11,onions,butter,whipped/sour cream,hard cheese,frozen vegetables,pasta,specialty fat,syrup,candy
7,hamburger meat,hard cheese,frozen meals,pasta,dog food,salty snack,shopping bags,,
7,sausage,liver loaf,other vegetables,cream cheese,pastry,soap,shopping bags,,
3,hard cheese,pastry,napkins,,,,,,
4,sausage,tropical fruit,condensed milk,rolls/buns,,,,,
1,hamburger meat,,,,,,,,
4,onions,whole milk,beverages,frozen dessert,,,,,
1,coffee,,,,,,,,
1,shopping bags,,,,,,,,
6,yogurt,rolls/buns,pastry,bottled water,soda,shopping bags,,,
1,soda,,,,,,,,
1,sliced cheese,,,,,,,,
3,sausage,whole milk,coffee,,,,,,
2,yogurt,chocolate,,,,,,,
4,domestic eggs,rolls/buns,dish cleaner,hygiene articles,,,,,
1,whole milk,,,,,,,,
4,meat,other vegetables,whole milk,whipped/sour cream,,,,,
4,dish cleaner,bathroom cleaner,hygiene articles,napkins,,,,,
2,other vegetables,red/blush wine,,,,,,,
10,whole milk,butter milk,yogurt,sliced cheese,rolls/buns,sweet spreads,coffee,fruit/vegetable juice,long life bakery product
4,other vegetables,whole milk,rolls/buns,Instant food products,,,,,
2,tropical fruit,other vegetables,,,,,,,
4,baking powder,bottled water,salty snack,chewing gum,,,,,
1,specialty bar,,,,,,,,
1,ice cream,,,,,,,,
2,frankfurter,yogurt,,,,,,,
1,canned beer,,,,,,,,
1,bottled water,,,,,,,,
6,other vegetables,whole milk,rolls/buns,margarine,bottled water,bottled beer,,,
5,citrus fruit,tropical fruit,onions,other vegetables,shopping bags,,,,
7,sausage,ham,hamburger meat,whole milk,soda,softener,newspapers,,
4,domestic eggs,rolls/buns,specialty bar,napkins,,,,,
7,pork,citrus fruit,tropical fruit,root vegetables,other vegetables,curd,hygiene articles,,
6,specialty cheese,frozen vegetables,coffee,soda,fruit/vegetable juice,salty snack,,,
6,pork,citrus fruit,pip fruit,yogurt,fruit/vegetable juice,sparkling wine,,,
5,beef,berries,whipped/sour cream,domestic eggs,rolls/buns,,,,
2,other vegetables,pet care,,,,,,,
6,chicken,yogurt,sliced cheese,rolls/buns,chewing gum,dishes,,,
2,soda,chewing gum,,,,,,,
1,whole milk,,,,,,,,
1,rolls/buns,,,,,,,,
1,bottled beer,,,,,,,,
4,root vegetables,pastry,bottled water,male cosmetics,,,,,
1,pastry,,,,,,,,
4,berries,pet care,cake bar,shopping bags,,,,,
8,citrus fruit,tropical fruit,root vegetables,yogurt,canned vegetables,bottled water,soda,softener,
4,whole milk,oil,canned fruit,fruit/vegetable juice,,,,,
2,soda,misc. beverages,,,,,,,
2,bottled water,soda,,,,,,,
3,tropical fruit,other vegetables,rolls/buns,,,,,,
1,salty snack,,,,,,,,
2,bottled water,canned beer,,,,,,,
1,chocolate,,,,,,,,
4,citrus fruit,UHT-milk,cream cheese,frozen vegetables,,,,,
3,bottled water,canned beer,male cosmetics,,,,,,
6,onions,other vegetables,pastry,bottled water,soda,napkins,,,
4,dessert,oil,cat food,soda,,,,,
11,beef,other vegetables,whole milk,frozen potato products,rolls/buns,oil,margarine,coffee,dental care
7,rolls/buns,zwieback,bottled water,misc. beverages,bottled beer,canned beer,brandy,,
7,beef,tropical fruit,root vegetables,onions,other vegetables,instant coffee,soda,,
1,soda,,,,,,,,
2,coffee,hygiene articles,,,,,,,
3,rolls/buns,brown bread,bottled water,,,,,,
9,pork,beef,hamburger meat,other vegetables,whole milk,frozen vegetables,rolls/buns,margarine,shopping bags
6,soda,canned beer,liquor (appetizer),hygiene articles,napkins,newspapers,,,
5,sausage,ham,other vegetables,ice cream,white bread,,,,
5,beef,root vegetables,other vegetables,rolls/buns,sugar,,,,
4,whole milk,butter,bottled water,bottled beer,,,,,
4,pork,ice cream,hygiene articles,house keeping products,,,,,
7,berries,packaged fruit/vegetables,whole milk,ice cream,fruit/vegetable juice,salty snack,specialty bar,,
8,sausage,other vegetables,curd,yogurt,whipped/sour cream,frozen vegetables,rolls/buns,roll products,
3,bottled water,misc. beverages,cling film/bags,,,,,,
8,tropical fruit,other vegetables,packaged fruit/vegetables,whole milk,hard cheese,frozen dessert,rice,bottled water,
2,herbs,bottled water,,,,,,,
2,yogurt,rolls/buns,,,,,,,
1,Instant food products,,,,,,,,
1,specialty chocolate,,,,,,,,
1,coffee,,,,,,,,
2,bottled beer,liquor,,,,,,,
2,beef,root vegetables,,,,,,,
3,whole milk,honey,waffles,,,,,,
5,frankfurter,rolls/buns,pastry,snack products,specialty bar,,,,
10,frankfurter,sausage,liver loaf,root vegetables,curd,frozen vegetables,rolls/buns,semi-finished bread,hygiene articles
3,other vegetables,whole milk,cream cheese,,,,,,
5,frankfurter,root vegetables,pickled vegetables,soda,seasonal products,,,,
3,whole milk,rolls/buns,newspapers,,,,,,
3,frankfurter,margarine,dental care,,,,,,
2,other vegetables,salty snack,,,,,,,
2,bottled water,shopping bags,,,,,,,
8,pork,onions,whole milk,butter,rolls/buns,pastry,rum,hygiene articles,
1,bottled water,,,,,,,,
4,other vegetables,whipped/sour cream,specialty cheese,domestic eggs,,,,,
5,hamburger meat,whole milk,curd,pasta,canned beer,,,,
3,hamburger meat,citrus fruit,other vegetables,,,,,,
1,shopping bags,,,,,,,,
4,whole milk,cream cheese,soda,fruit/vegetable juice,,,,,
1,ice cream,,,,,,,,
2,pastry,bottled water,,,,,,,
14,ham,pip fruit,whole milk,curd,dessert,butter milk,whipped/sour cream,sliced cheese,cream cheese
2,frankfurter,soda,,,,,,,
11,sausage,turkey,beef,root vegetables,domestic eggs,rolls/buns,flour,rice,organic products
1,bottled beer,,,,,,,,
3,bottled water,bottled beer,napkins,,,,,,
6,meat,other vegetables,hard cheese,frozen meals,bottled water,soda,,,
2,dessert,candy,,,,,,,
4,other vegetables,packaged fruit/vegetables,UHT-milk,bottled water,,,,,
3,beverages,rolls/buns,soda,,,,,,
3,ham,mustard,canned fish,,,,,,
1,specialty bar,,,,,,,,
4,brown bread,soda,salty snack,shopping bags,,,,,
3,whole milk,cream cheese,coffee,,,,,,
3,rolls/buns,pastry,red/blush wine,,,,,,
2,bottled beer,nut snack,,,,,,,
2,pet care,bottled beer,,,,,,,
3,citrus fruit,other vegetables,soda,,,,,,
4,pork,other vegetables,frozen vegetables,hygiene articles,,,,,
2,other vegetables,shopping bags,,,,,,,
2,white wine,detergent,,,,,,,
3,whole milk,dessert,bottled water,,,,,,
3,pip fruit,white wine,shopping bags,,,,,,
3,sugar,soda,bottled beer,,,,,,
6,tropical fruit,pip fruit,rolls/buns,coffee,fruit/vegetable juice,candy,,,
10,root vegetables,cream cheese,spread cheese,frozen dessert,white bread,bottled water,soda,misc. beverages,fruit/vegetable juice
2,soda,misc. beverages,,,,,,,
2,whole milk,curd,,,,,,,
5,tropical fruit,other vegetables,yogurt,bottled water,male cosmetics,,,,
2,white bread,brown bread,,,,,,,
3,brown bread,sugar,hygiene articles,,,,,,
8,tropical fruit,root vegetables,coffee,bottled water,red/blush wine,candy,house keeping products,shopping bags,
1,domestic eggs,,,,,,,,
4,coffee,detergent,hygiene articles,photo/film,,,,,
1,soda,,,,,,,,
1,whole milk,,,,,,,,
1,bottled beer,,,,,,,,
17,pork,beef,berries,packaged fruit/vegetables,whole milk,mayonnaise,frozen fish,frozen potato products,oil
2,other vegetables,yogurt,,,,,,,
3,yogurt,bottled water,dishes,,,,,,
1,sparkling wine,,,,,,,,
2,bottled water,candy,,,,,,,
7,citrus fruit,berries,other vegetables,butter milk,sugar,fruit/vegetable juice,hygiene articles,,
5,hamburger meat,root vegetables,other vegetables,whole milk,rolls/buns,,,,
2,packaged fruit/vegetables,seasonal products,,,,,,,
2,other vegetables,margarine,,,,,,,
1,soda,,,,,,,,
7,whole milk,yogurt,frozen potato products,margarine,bottled water,fruit/vegetable juice,salty snack,,
2,herbs,yogurt,,,,,,,
4,citrus fruit,spread cheese,rolls/buns,soda,,,,,
1,misc. beverages,,,,,,,,
1,female sanitary products,,,,,,,,
1,soda,,,,,,,,
6,tropical fruit,whole milk,beverages,white bread,pasta,shopping bags,,,
2,soda,female sanitary products,,,,,,,
4,white bread,bottled water,soda,waffles,,,,,
3,coffee,chewing gum,chocolate marshmallow,,,,,,
9,tropical fruit,root vegetables,whole milk,frozen vegetables,honey,baking powder,coffee,red/blush wine,chocolate marshmallow
4,pork,pip fruit,whole milk,butter milk,,,,,
2,citrus fruit,bottled water,,,,,,,
1,frankfurter,,,,,,,,
2,frankfurter,rolls/buns,,,,,,,
11,frankfurter,tropical fruit,pip fruit,curd,UHT-milk,hard cheese,domestic eggs,rolls/buns,hygiene articles
1,other vegetables,,,,,,,,
3,yogurt,fruit/vegetable juice,newspapers,,,,,,
7,sausage,whole milk,yogurt,brown bread,cereals,bottled water,soda,,
1,whole milk,,,,,,,,
5,pip fruit,whole milk,curd,pastry,bottled water,,,,
1,whole milk,,,,,,,,
2,root vegetables,other vegetables,,,,,,,
2,onions,fruit/vegetable juice,,,,,,,
1,specialty chocolate,,,,,,,,
2,hamburger meat,domestic eggs,,,,,,,
1,photo/film,,,,,,,,
4,rolls/buns,soda,snack products,newspapers,,,,,
1,canned beer,,,,,,,,
1,canned beer,,,,,,,,
8,other vegetables,curd,frozen meals,frozen potato products,soda,bottled beer,kitchen towels,candles,
1,canned beer,,,,,,,,
5,curd,whipped/sour cream,rolls/buns,zwieback,spices,,,,
3,butter,fruit/vegetable juice,newspapers,,,,,,
6,other vegetables,whole milk,yogurt,domestic eggs,bottled water,soda,,,
1,whole milk,,,,,,,,
8,beef,tropical fruit,herbs,whole milk,curd,yogurt,whipped/sour cream,sliced cheese,
2,sausage,rolls/buns,,,,,,,
1,soda,,,,,,,,
2,fruit/vegetable juice,long life bakery product,,,,,,,
5,rolls/buns,coffee,long life bakery product,detergent,shopping bags,,,,
4,pip fruit,whole milk,bottled water,candy,,,,,
6,frozen vegetables,bottled beer,liquor (appetizer),chewing gum,napkins,newspapers,,,
1,beverages,,,,,,,,
8,hamburger meat,root vegetables,other vegetables,domestic eggs,roll products,oil,margarine,hygiene articles,
6,root vegetables,other vegetables,whole milk,yogurt,fruit/vegetable juice,white wine,,,
1,canned beer,,,,,,,,
2,frozen vegetables,bottled beer,,,,,,,
1,canned beer,,,,,,,,
1,newspapers,,,,,,,,
1,rolls/buns,,,,,,,,
3,hamburger meat,UHT-milk,salty snack,,,,,,
4,pip fruit,whole milk,curd,rum,,,,,
1,canned beer,,,,,,,,
5,grapes,root vegetables,frozen vegetables,domestic eggs,white wine,,,,
5,root vegetables,packaged fruit/vegetables,butter,whipped/sour cream,rolls/buns,,,,
5,citrus fruit,frozen vegetables,rolls/buns,canned beer,salty snack,,,,
2,cling film/bags,potted plants,,,,,,,
6,frankfurter,whole milk,rolls/buns,margarine,baking powder,bottled beer,,,
2,whole milk,red/blush wine,,,,,,,
13,pork,tropical fruit,whole milk,curd,yogurt,hard cheese,frozen meals,frozen dessert,domestic eggs
2,chicken,pastry,,,,,,,
3,sausage,dish cleaner,dishes,,,,,,
1,specialty bar,,,,,,,,
3,whipped/sour cream,pastry,specialty bar,,,,,,
2,root vegetables,brown bread,,,,,,,
2,rolls/buns,soda,,,,,,,
3,other vegetables,bottled beer,red/blush wine,,,,,,
11,citrus fruit,tropical fruit,berries,root vegetables,other vegetables,whole milk,butter,bottled water,rubbing alcohol
5,whole milk,processed cheese,brown bread,pastry,soda,,,,
9,frankfurter,sausage,tropical fruit,root vegetables,whole milk,yogurt,rolls/buns,pastry,candy
2,coffee,long life bakery product,,,,,,,
3,ham,rolls/buns,white wine,,,,,,
1,canned beer,,,,,,,,
1,canned beer,,,,,,,,
1,canned beer,,,,,,,,
3,pip fruit,whole milk,canned fish,,,,,,
9,pork,pip fruit,other vegetables,whole milk,curd,white bread,sugar,bottled water,soda
1,soap,,,,,,,,
5,pip fruit,butter,frozen meals,pasta,bottled water,,,,
6,beef,hamburger meat,citrus fruit,whole milk,mustard,soap,,,
10,sausage,meat,other vegetables,whole milk,yogurt,rolls/buns,soda,bottled beer,chocolate
1,frozen chicken,,,,,,,,
1,soda,,,,,,,,
8,tropical fruit,curd,yogurt,rolls/buns,brown bread,bottled water,bottled beer,seasonal products,
1,other vegetables,,,,,,,,
9,beef,citrus fruit,curd,rolls/buns,oil,margarine,specialty bar,detergent,newspapers
8,meat,pork,beef,citrus fruit,root vegetables,other vegetables,whole milk,pickled vegetables,
7,meat,hamburger meat,root vegetables,packaged fruit/vegetables,whole milk,butter,newspapers,,
5,bottled water,soda,red/blush wine,long life bakery product,newspapers,,,,
1,rolls/buns,,,,,,,,
2,pastry,canned beer,,,,,,,
4,pork,whole milk,pastry,sauces,,,,,
6,pip fruit,sliced cheese,pastry,white wine,light bulbs,newspapers,,,
9,beef,citrus fruit,tropical fruit,yogurt,UHT-milk,frozen vegetables,rolls/buns,bottled water,skin care
7,beef,citrus fruit,berries,brown bread,sugar,coffee,kitchen towels,,
2,rolls/buns,spices,,,,,,,
10,citrus fruit,tropical fruit,herbs,whole milk,butter,curd,whipped/sour cream,frozen vegetables,canned vegetables
11,meat,beef,herbs,whole milk,frozen dessert,rolls/buns,semi-finished bread,flour,oil
3,beverages,pastry,bottled water,,,,,,
4,beef,citrus fruit,other vegetables,rolls/buns,,,,,
5,ham,whole milk,white bread,margarine,hair spray,,,,
11,hamburger meat,whole milk,oil,ketchup,soups,Instant food products,canned fish,coffee,bottled beer
10,beef,citrus fruit,other vegetables,butter milk,sliced cheese,processed cheese,rolls/buns,margarine,bottled water
9,beef,citrus fruit,whole milk,domestic eggs,rolls/buns,pastry,roll products,tea,fruit/vegetable juice
3,root vegetables,whole milk,detergent,,,,,,
12,citrus fruit,tropical fruit,grapes,other vegetables,frozen vegetables,pickled vegetables,fruit/vegetable juice,liquor,rum
2,yogurt,bottled water,,,,,,,
7,tropical fruit,root vegetables,other vegetables,whipped/sour cream,brown bread,canned fish,long life bakery product,,
3,frankfurter,root vegetables,newspapers,,,,,,
8,beef,other vegetables,whole milk,brown bread,pastry,salty snack,abrasive cleaner,shopping bags,
1,shopping bags,,,,,,,,
1,canned beer,,,,,,,,
2,rolls/buns,canned beer,,,,,,,
9,other vegetables,rolls/buns,meat spreads,bottled water,soda,misc. beverages,waffles,chocolate,candy
5,hamburger meat,other vegetables,yogurt,rolls/buns,bottled water,,,,
10,hamburger meat,citrus fruit,root vegetables,rolls/buns,Instant food products,canned fish,bottled water,soda,fruit/vegetable juice
6,frankfurter,sausage,domestic eggs,soda,chewing gum,shopping bags,,,
1,bottled beer,,,,,,,,
4,tropical fruit,domestic eggs,rolls/buns,pastry,,,,,
1,soda,,,,,,,,
6,frankfurter,root vegetables,onions,other vegetables,white bread,canned beer,,,
10,chicken,hamburger meat,herbs,whipped/sour cream,soups,soda,canned beer,dish cleaner,napkins
2,coffee,soda,,,,,,,
1,whole milk,,,,,,,,
1,margarine,,,,,,,,
2,tropical fruit,other vegetables,,,,,,,
2,meat,other vegetables,,,,,,,
3,cream cheese,bottled water,canned beer,,,,,,
1,newspapers,,,,,,,,
3,rolls/buns,pastry,newspapers,,,,,,
8,citrus fruit,other vegetables,whole milk,curd,yogurt,potato products,fruit/vegetable juice,long life bakery product,
3,whole milk,rolls/buns,detergent,,,,,,
7,frankfurter,citrus fruit,butter milk,UHT-milk,rolls/buns,female sanitary products,shopping bags,,
6,ham,other vegetables,butter,whipped/sour cream,sugar,soda,,,
4,frankfurter,citrus fruit,bottled beer,salty snack,,,,,
6,sausage,onions,curd,yogurt,domestic eggs,coffee,,,
1,domestic eggs,,,,,,,,
4,whole milk,domestic eggs,rolls/buns,soda,,,,,
3,rolls/buns,bottled beer,newspapers,,,,,,
3,whole milk,hard cheese,chocolate marshmallow,,,,,,
5,sausage,root vegetables,other vegetables,rolls/buns,soda,,,,
4,curd,butter milk,yogurt,beverages,,,,,
1,bottled water,,,,,,,,
1,beef,,,,,,,,
11,frankfurter,hamburger meat,whole milk,rolls/buns,potato products,mustard,coffee,waffles,chocolate marshmallow
3,chicken,butter,newspapers,,,,,,
9,sausage,meat,tropical fruit,pip fruit,pastry,sugar,coffee,candles,potted plants
4,pork,whole milk,whipped/sour cream,beverages,,,,,
3,yogurt,pastry,coffee,,,,,,
7,whole milk,sliced cheese,margarine,cat food,detergent,dishes,shopping bags,,
11,frankfurter,ham,whole milk,yogurt,rolls/buns,pastry,vinegar,sugar,soda
5,beef,whole milk,brown bread,specialty chocolate,newspapers,,,,
5,pip fruit,other vegetables,butter milk,cream cheese,rolls/buns,,,,
5,sausage,whole milk,rolls/buns,coffee,chocolate,,,,
2,pastry,coffee,,,,,,,
3,chicken,beef,specialty chocolate,,,,,,
8,root vegetables,other vegetables,whole milk,sliced cheese,frozen vegetables,frozen fish,frozen dessert,chocolate,
3,whole milk,frozen meals,rolls/buns,,,,,,
1,detergent,,,,,,,,
2,rolls/buns,canned fish,,,,,,,
1,house keeping products,,,,,,,,
5,yogurt,salt,jam,sparkling wine,cleaner,,,,
5,tropical fruit,curd,sliced cheese,rolls/buns,soda,,,,
1,tropical fruit,,,,,,,,
4,curd,UHT-milk,artif. sweetener,dental care,,,,,
4,beef,berries,onions,rolls/buns,,,,,
7,whole milk,brown bread,pasta,margarine,bottled water,napkins,newspapers,,
5,pork,UHT-milk,bottled water,soda,canned beer,,,,
7,other vegetables,curd,yogurt,curd cheese,margarine,cleaner,hygiene articles,,
7,rolls/buns,soda,fruit/vegetable juice,canned beer,white wine,long life bakery product,shopping bags,,
5,frankfurter,pip fruit,whole milk,rolls/buns,roll products,,,,
4,yogurt,hygiene articles,newspapers,shopping bags,,,,,
5,whole milk,curd,sliced cheese,cat food,coffee,,,,
2,bottled water,candy,,,,,,,
3,frankfurter,beef,butter,,,,,,
4,rolls/buns,soda,snack products,shopping bags,,,,,
4,whole milk,pastry,bottled water,hygiene articles,,,,,
1,rolls/buns,,,,,,,,
7,chicken,onions,other vegetables,whole milk,brown bread,white wine,red/blush wine,,
5,tropical fruit,onions,whole milk,butter,dishes,,,,
8,sausage,turkey,other vegetables,yogurt,brown bread,oil,hygiene articles,shopping bags,
8,sausage,other vegetables,whole milk,curd,hard cheese,soda,candy,newspapers,
7,frankfurter,citrus fruit,pastry,margarine,ready soups,instant coffee,shopping bags,,
5,UHT-milk,frozen dessert,fruit/vegetable juice,decalcifier,newspapers,,,,
2,rolls/buns,newspapers,,,,,,,
1,canned beer,,,,,,,,
2,yogurt,specialty bar,,,,,,,
2,whipped/sour cream,specialty bar,,,,,,,
2,rolls/buns,canned beer,,,,,,,
1,rolls/buns,,,,,,,,
2,beverages,rolls/buns,,,,,,,
1,rolls/buns,,,,,,,,
2,rolls/buns,shopping bags,,,,,,,
1,bottled beer,,,,,,,,
7,citrus fruit,curd,yogurt,sliced cheese,rolls/buns,oil,bottled water,,
2,bottled water,soda,,,,,,,
1,pastry,,,,,,,,
5,domestic eggs,rolls/buns,pastry,coffee,candles,,,,
5,beef,pip fruit,root vegetables,rolls/buns,margarine,,,,
4,spread cheese,rolls/buns,bottled water,newspapers,,,,,
4,tropical fruit,spread cheese,rolls/buns,soda,,,,,
3,packaged fruit/vegetables,canned beer,candles,,,,,,
6,whole milk,yogurt,bottled beer,white wine,salty snack,napkins,,,
7,meat,beef,other vegetables,whole milk,butter,domestic eggs,rolls/buns,,
6,onions,whole milk,bottled beer,liquor (appetizer),detergent,dishes,,,
10,frankfurter,grapes,other vegetables,butter milk,UHT-milk,brown bread,margarine,organic products,bottled water
3,beef,rolls/buns,bottled beer,,,,,,
1,beef,,,,,,,,
3,sausage,bottled beer,liquor (appetizer),,,,,,
4,chicken,onions,herbs,hygiene articles,,,,,
1,canned beer,,,,,,,,
6,sausage,root vegetables,other vegetables,whole milk,bottled beer,seasonal products,,,
5,tropical fruit,whole milk,curd,yogurt,whipped/sour cream,,,,
6,frankfurter,rolls/buns,soda,abrasive cleaner,newspapers,flower (seeds),,,
3,sausage,tropical fruit,semi-finished bread,,,,,,
4,beef,tropical fruit,root vegetables,yogurt,,,,,
4,tropical fruit,pastry,flour,rum,,,,,
1,yogurt,,,,,,,,
3,frankfurter,rolls/buns,mustard,,,,,,
1,bottled beer,,,,,,,,
2,grapes,soda,,,,,,,
2,beverages,rolls/buns,,,,,,,
3,curd,bottled beer,potted plants,,,,,,
3,ice cream,sugar,flower (seeds),,,,,,
5,sausage,rolls/buns,soda,canned beer,shopping bags,,,,
1,other vegetables,,,,,,,,
3,dessert,beverages,bottled water,,,,,,
1,decalcifier,,,,,,,,
1,canned beer,,,,,,,,
1,coffee,,,,,,,,
4,berries,other vegetables,whole milk,whipped/sour cream,,,,,
6,pork,tropical fruit,rolls/buns,semi-finished bread,bottled beer,newspapers,,,
14,frankfurter,chicken,pork,citrus fruit,other vegetables,whole milk,butter milk,whipped/sour cream,cream cheese
7,pork,beef,whole milk,domestic eggs,bottled water,bottled beer,hygiene articles,,
9,frankfurter,pork,citrus fruit,root vegetables,onions,other vegetables,packaged fruit/vegetables,cat food,bottled water
2,frozen dessert,brandy,,,,,,,
6,chicken,other vegetables,packaged fruit/vegetables,condensed milk,frozen vegetables,fruit/vegetable juice,,,
2,vinegar,oil,,,,,,,
3,rolls/buns,soda,specialty bar,,,,,,
1,whole milk,,,,,,,,
4,pork,root vegetables,whole milk,whipped/sour cream,,,,,
2,rolls/buns,newspapers,,,,,,,
5,grapes,other vegetables,zwieback,Instant food products,dishes,,,,
8,frankfurter,citrus fruit,whipped/sour cream,cream cheese,rolls/buns,baking powder,seasonal products,napkins,
9,finished products,root vegetables,packaged fruit/vegetables,yogurt,specialty cheese,frozen vegetables,ice cream,soda,bottled beer
3,onions,other vegetables,flour,,,,,,
3,tropical fruit,whole milk,rolls/buns,,,,,,
5,other vegetables,cream cheese,tea,chocolate,chocolate marshmallow,,,,
6,ham,turkey,beef,other vegetables,whole milk,potted plants,,,
4,other vegetables,whole milk,margarine,bottled beer,,,,,
1,curd,,,,,,,,
3,sausage,beef,other vegetables,,,,,,
3,canned beer,liquor (appetizer),chewing gum,,,,,,
17,ham,chicken,citrus fruit,berries,onions,whole milk,curd,yogurt,frozen vegetables
8,packaged fruit/vegetables,whole milk,dessert,yogurt,UHT-milk,margarine,bottled water,long life bakery product,
4,meat,rolls/buns,soda,specialty bar,,,,,
2,whole milk,dessert,,,,,,,
1,canned beer,,,,,,,,
6,chicken,UHT-milk,rolls/buns,coffee,long life bakery product,house keeping products,,,
3,rolls/buns,red/blush wine,newspapers,,,,,,
2,pet care,bottled water,,,,,,,
4,root vegetables,other vegetables,soda,shopping bags,,,,,
1,pastry,,,,,,,,
9,frankfurter,hamburger meat,whole milk,domestic eggs,rolls/buns,brown bread,margarine,bottled water,flower (seeds)
5,chicken,grapes,whole milk,whipped/sour cream,mayonnaise,,,,
2,frozen dessert,semi-finished bread,,,,,,,
13,citrus fruit,tropical fruit,grapes,yogurt,rolls/buns,margarine,canned fruit,bottled water,soda
11,sausage,pork,beef,berries,root vegetables,whole milk,butter,rolls/buns,cat food
13,root vegetables,onions,other vegetables,packaged fruit/vegetables,whole milk,whipped/sour cream,frozen vegetables,rolls/buns,pasta
4,root vegetables,whole milk,yogurt,rolls/buns,,,,,
1,bottled beer,,,,,,,,
2,frankfurter,canned beer,,,,,,,
4,root vegetables,whole milk,butter,coffee,,,,,
8,berries,other vegetables,whipped/sour cream,UHT-milk,bottled water,soda,hygiene articles,newspapers,
1,hamburger meat,,,,,,,,
8,tropical fruit,whole milk,rolls/buns,semi-finished bread,margarine,fruit/vegetable juice,long life bakery product,newspapers,
5,frankfurter,pork,beverages,frozen meals,waffles,,,,
5,frankfurter,sausage,frozen fish,margarine,specialty bar,,,,
2,soda,newspapers,,,,,,,
1,ice cream,,,,,,,,
6,beef,whole milk,frozen vegetables,brown bread,pastry,coffee,,,
5,whole milk,pastry,bottled water,newspapers,photo/film,,,,
9,pork,fish,whole milk,butter,curd,yogurt,whipped/sour cream,flour,sugar
2,whole milk,chewing gum,,,,,,,
1,bottled beer,,,,,,,,
5,pork,grapes,UHT-milk,brown bread,margarine,,,,
2,root vegetables,potted plants,,,,,,,
1,canned beer,,,,,,,,
9,citrus fruit,root vegetables,whole milk,butter,whipped/sour cream,oil,mustard,bottled water,bottled beer
8,pip fruit,herbs,other vegetables,whole milk,coffee,female sanitary products,hygiene articles,shopping bags,
5,root vegetables,dessert,yogurt,cream cheese,rice,,,,
5,tropical fruit,curd,rolls/buns,organic products,newspapers,,,,
11,beef,root vegetables,other vegetables,whole milk,butter,soft cheese,hard cheese,domestic eggs,pasta
5,chicken,pork,whole milk,butter,white bread,,,,
9,citrus fruit,grapes,whole milk,rolls/buns,pastry,oil,margarine,candles,newspapers
12,meat,beef,tropical fruit,pip fruit,other vegetables,whipped/sour cream,soft cheese,frozen meals,margarine
3,cream cheese,spread cheese,rolls/buns,,,,,,
6,citrus fruit,herbs,whole milk,bottled water,bottled beer,potted plants,,,
1,specialty bar,,,,,,,,
9,meat,other vegetables,whole milk,beverages,rolls/buns,margarine,chocolate,napkins,newspapers
3,citrus fruit,tropical fruit,pip fruit,,,,,,
7,frankfurter,beef,tropical fruit,root vegetables,packaged fruit/vegetables,whole milk,frozen vegetables,,
2,citrus fruit,whole milk,,,,,,,
6,turkey,root vegetables,other vegetables,curd,bottled beer,specialty chocolate,,,
10,citrus fruit,onions,whole milk,curd,yogurt,rolls/buns,pasta,mustard,dog food
2,sausage,domestic eggs,,,,,,,
1,newspapers,,,,,,,,
2,whole milk,yogurt,,,,,,,
1,yogurt,,,,,,,,
1,yogurt,,,,,,,,
1,bottled water,,,,,,,,
4,berries,whole milk,whipped/sour cream,domestic eggs,,,,,
4,packaged fruit/vegetables,whole milk,rolls/buns,pastry,,,,,
2,frankfurter,soda,,,,,,,
7,nuts/prunes,whole milk,semi-finished bread,jam,soda,potted plants,shopping bags,,
12,citrus fruit,other vegetables,packaged fruit/vegetables,whole milk,butter,whipped/sour cream,flour,sugar,coffee
8,beef,citrus fruit,root vegetables,onions,curd,hard cheese,rolls/buns,fruit/vegetable juice,
6,whole milk,yogurt,frozen vegetables,coffee,canned beer,napkins,,,
2,other vegetables,whipped/sour cream,,,,,,,
2,beef,other vegetables,,,,,,,
10,fish,berries,other vegetables,whole milk,dessert,yogurt,spread cheese,coffee,white wine
8,other vegetables,whole milk,curd,frozen vegetables,domestic eggs,sugar,instant coffee,newspapers,
11,tropical fruit,berries,root vegetables,whole milk,butter,yogurt,whipped/sour cream,sliced cheese,hard cheese
1,coffee,,,,,,,,
11,sausage,pork,other vegetables,frozen fish,rolls/buns,semi-finished bread,artif. sweetener,ready soups,bottled water
7,meat,root vegetables,whipped/sour cream,beverages,cream cheese,waffles,dishes,,
13,chicken,tropical fruit,pip fruit,root vegetables,other vegetables,packaged fruit/vegetables,butter,rolls/buns,margarine
7,berries,whole milk,whipped/sour cream,margarine,organic products,fruit/vegetable juice,shopping bags,,
2,frozen meals,misc. beverages,,,,,,,
1,whipped/sour cream,,,,,,,,
5,beef,root vegetables,bottled beer,chocolate,shopping bags,,,,
12,chicken,pork,other vegetables,whole milk,whipped/sour cream,UHT-milk,domestic eggs,rolls/buns,bottled water
15,chicken,pork,hamburger meat,pip fruit,nuts/prunes,root vegetables,other vegetables,whole milk,spread cheese
14,beef,tropical fruit,root vegetables,herbs,other vegetables,whole milk,yogurt,hard cheese,rolls/buns
2,packaged fruit/vegetables,pickled vegetables,,,,,,,
1,sugar,,,,,,,,
12,frankfurter,sausage,beef,root vegetables,packaged fruit/vegetables,whole milk,dessert,yogurt,sliced cheese
4,berries,frozen vegetables,pet care,instant coffee,,,,,
4,bottled water,soda,chewing gum,napkins,,,,,
8,sausage,chicken,citrus fruit,berries,root vegetables,curd,beverages,abrasive cleaner,
7,whole milk,UHT-milk,domestic eggs,soda,fruit/vegetable juice,dishes,newspapers,,
2,ice cream,rolls/buns,,,,,,,
4,frankfurter,citrus fruit,tropical fruit,rolls/buns,,,,,
8,root vegetables,whole milk,white bread,brown bread,sweet spreads,dog food,brandy,shopping bags,
3,sausage,rolls/buns,specialty chocolate,,,,,,
12,sausage,ham,citrus fruit,tropical fruit,berries,packaged fruit/vegetables,whole milk,whipped/sour cream,sliced cheese
4,beef,root vegetables,whole milk,cream cheese,,,,,
1,fruit/vegetable juice,,,,,,,,
2,sugar,hygiene articles,,,,,,,
2,berries,whipped/sour cream,,,,,,,
3,yogurt,beverages,coffee,,,,,,
2,pork,beef,,,,,,,
2,bottled beer,shopping bags,,,,,,,
5,curd,butter milk,yogurt,sliced cheese,coffee,,,,
3,beef,Instant food products,canned beer,,,,,,
9,pork,berries,whipped/sour cream,beverages,flour,oil,soda,chocolate,newspapers
1,white bread,,,,,,,,
6,grapes,whole milk,processed cheese,rolls/buns,white bread,fruit/vegetable juice,,,
2,potato products,flower (seeds),,,,,,,
7,root vegetables,onions,yogurt,rolls/buns,coffee,bottled water,dishes,,
7,chicken,hamburger meat,UHT-milk,soda,canned beer,bathroom cleaner,newspapers,,
3,chicken,other vegetables,salt,,,,,,
3,fish,cream cheese,coffee,,,,,,
1,canned beer,,,,,,,,
6,other vegetables,whole milk,frozen meals,rolls/buns,brown bread,napkins,,,
9,chicken,pork,whole milk,frozen vegetables,brown bread,vinegar,bottled beer,red/blush wine,newspapers
2,other vegetables,misc. beverages,,,,,,,
2,tropical fruit,whole milk,,,,,,,
3,whole milk,cake bar,newspapers,,,,,,
5,beef,hamburger meat,berries,pastry,hygiene articles,,,,
5,sausage,grapes,rolls/buns,soda,salty snack,,,,
3,whole milk,rolls/buns,chocolate,,,,,,
2,rolls/buns,soda,,,,,,,
4,citrus fruit,tropical fruit,pip fruit,other vegetables,,,,,
7,whole milk,sliced cheese,domestic eggs,artif. sweetener,bottled water,soda,shopping bags,,
3,pastry,soda,bottled beer,,,,,,
14,tropical fruit,other vegetables,whole milk,yogurt,soft cheese,hard cheese,spread cheese,curd cheese,frozen vegetables
3,sliced cheese,pastry,newspapers,,,,,,
1,soda,,,,,,,,
8,ham,citrus fruit,whole milk,dessert,frozen meals,coffee,popcorn,shopping bags,
1,salty snack,,,,,,,,
8,whole milk,curd,cream cheese,flour,coffee,bottled water,misc. beverages,newspapers,
2,root vegetables,whipped/sour cream,,,,,,,
3,soda,canned beer,shopping bags,,,,,,
7,curd,roll products,margarine,bottled water,canned beer,white wine,dish cleaner,,
5,bottled water,soda,fruit/vegetable juice,bottled beer,napkins,,,,
2,packaged fruit/vegetables,potted plants,,,,,,,
6,tropical fruit,root vegetables,frozen vegetables,ice cream,bottled water,cling film/bags,,,
15,ham,beef,grapes,yogurt,whipped/sour cream,domestic eggs,white bread,pastry,bottled water
8,pork,citrus fruit,UHT-milk,brown bread,soda,bottled beer,canned beer,long life bakery product,
6,beverages,rolls/buns,soda,misc. beverages,liqueur,cake bar,,,
3,sausage,rolls/buns,soda,,,,,,
8,sausage,citrus fruit,whole milk,yogurt,rolls/buns,bottled water,soda,napkins,
7,root vegetables,whole milk,butter,yogurt,cream cheese,frozen fish,shopping bags,,
2,whole milk,cream cheese,,,,,,,
8,frankfurter,turkey,root vegetables,other vegetables,yogurt,rolls/buns,pastry,ready soups,
2,soda,shopping bags,,,,,,,
2,soda,bottled beer,,,,,,,
2,frankfurter,popcorn,,,,,,,
6,berries,whole milk,whipped/sour cream,pickled vegetables,detergent,newspapers,,,
1,canned beer,,,,,,,,
5,frankfurter,pork,white bread,canned vegetables,soda,,,,
15,frankfurter,hamburger meat,whole milk,butter,curd,flour,rice,oil,sugar
8,berries,root vegetables,whole milk,beverages,sugar,soups,coffee,shopping bags,
2,frankfurter,rolls/buns,,,,,,,
1,newspapers,,,,,,,,
2,frozen fish,newspapers,,,,,,,
2,tropical fruit,newspapers,,,,,,,
8,beef,grapes,berries,whole milk,yogurt,rolls/buns,newspapers,potted plants,
5,rolls/buns,coffee,instant coffee,salty snack,specialty chocolate,,,,
2,specialty chocolate,potted plants,,,,,,,
2,sparkling wine,dish cleaner,,,,,,,
3,citrus fruit,napkins,shopping bags,,,,,,
3,onions,herbs,bottled beer,,,,,,
4,whole milk,pastry,detergent,candles,,,,,
1,photo/film,,,,,,,,
1,hamburger meat,,,,,,,,
4,other vegetables,whole milk,white bread,chewing gum,,,,,
3,whole milk,rolls/buns,shopping bags,,,,,,
7,pork,tropical fruit,grapes,hard cheese,soda,napkins,shopping bags,,
19,tropical fruit,grapes,berries,other vegetables,whole milk,butter,dessert,yogurt,whipped/sour cream
8,chicken,pork,citrus fruit,other vegetables,whipped/sour cream,white bread,chewing gum,potted plants,
2,other vegetables,chewing gum,,,,,,,
3,sausage,bottled water,red/blush wine,,,,,,
3,whole milk,whipped/sour cream,baking powder,,,,,,
2,rolls/buns,coffee,,,,,,,
1,hygiene articles,,,,,,,,
2,ice cream,newspapers,,,,,,,
6,curd,whipped/sour cream,domestic eggs,flour,misc. beverages,newspapers,,,
3,whole milk,frozen meals,newspapers,,,,,,
8,onions,whole milk,dessert,domestic eggs,rolls/buns,white bread,coffee,bottled water,
5,finished products,organic sausage,sliced cheese,white bread,fruit/vegetable juice,,,,
3,salt,dog food,long life bakery product,,,,,,
10,tropical fruit,root vegetables,other vegetables,domestic eggs,white bread,brown bread,canned vegetables,soda,fruit/vegetable juice
3,other vegetables,whole milk,yogurt,,,,,,
1,chocolate,,,,,,,,
1,ice cream,,,,,,,,
3,tropical fruit,oil,cat food,,,,,,
8,frankfurter,citrus fruit,whole milk,yogurt,sliced cheese,specialty cheese,pastry,fruit/vegetable juice,
5,butter,pasta,canned fish,softener,flower (seeds),,,,
4,other vegetables,butter milk,frozen fish,salty snack,,,,,
4,tropical fruit,pastry,canned beer,chocolate,,,,,
9,citrus fruit,root vegetables,packaged fruit/vegetables,yogurt,sliced cheese,rolls/buns,white bread,brown bread,zwieback
5,UHT-milk,salt,soda,specialty chocolate,shopping bags,,,,
1,beef,,,,,,,,
5,curd,yogurt,spread cheese,sugar,canned vegetables,,,,
9,citrus fruit,other vegetables,whole milk,dessert,yogurt,frozen vegetables,fruit/vegetable juice,bottled beer,salty snack
4,yogurt,brown bread,bottled beer,white wine,,,,,
3,bottled beer,liquor,red/blush wine,,,,,,
1,grapes,,,,,,,,
3,pork,other vegetables,soda,,,,,,
17,sausage,citrus fruit,berries,other vegetables,whole milk,yogurt,whipped/sour cream,cream cheese,frozen vegetables
20,frankfurter,chicken,pork,tropical fruit,root vegetables,other vegetables,yogurt,UHT-milk,mayonnaise
3,artif. sweetener,soda,photo/film,,,,,,
7,frankfurter,onions,butter,processed cheese,rolls/buns,coffee,bottled beer,,
6,pip fruit,root vegetables,dessert,yogurt,domestic eggs,shopping bags,,,
4,frankfurter,whole milk,coffee,detergent,,,,,
2,whole milk,newspapers,,,,,,,
4,domestic eggs,hygiene articles,photo/film,flower soil/fertilizer,,,,,
9,packaged fruit/vegetables,dessert,mayonnaise,oil,soda,waffles,chocolate,flower (seeds),shopping bags
6,chicken,other vegetables,whipped/sour cream,frozen vegetables,bottled water,long life bakery product,,,
16,pork,whole milk,curd,yogurt,whipped/sour cream,cream cheese,domestic eggs,white bread,sugar
16,citrus fruit,other vegetables,whole milk,curd,yogurt,whipped/sour cream,cream cheese,pastry,vinegar
1,light bulbs,,,,,,,,
3,cream cheese,margarine,tea,,,,,,
11,sausage,curd,frozen meals,domestic eggs,cake bar,seasonal products,detergent,cleaner,house keeping products
2,citrus fruit,onions,,,,,,,
3,other vegetables,whipped/sour cream,roll products,,,,,,
23,chicken,tropical fruit,pip fruit,root vegetables,other vegetables,whole milk,butter,yogurt,whipped/sour cream
1,ice cream,,,,,,,,
5,pork,beef,ice cream,rolls/buns,newspapers,,,,
10,pork,tropical fruit,other vegetables,yogurt,semi-finished bread,flour,margarine,artif. sweetener,organic products
4,onions,domestic eggs,soda,hygiene articles,,,,,
10,tropical fruit,pip fruit,grapes,root vegetables,herbs,yogurt,baking powder,seasonal products,potted plants
5,whipped/sour cream,cream cheese,bottled water,canned beer,shopping bags,,,,
10,berries,root vegetables,other vegetables,butter,hard cheese,domestic eggs,rolls/buns,fruit/vegetable juice,sparkling wine
6,berries,dessert,whipped/sour cream,white bread,coffee,shopping bags,,,
2,rolls/buns,long life bakery product,,,,,,,
2,ice cream,long life bakery product,,,,,,,
3,coffee,fruit/vegetable juice,dishes,,,,,,
4,whole milk,butter,pasta,misc. beverages,,,,,
1,whole milk,,,,,,,,
4,citrus fruit,berries,butter milk,yogurt,,,,,
18,beef,grapes,nuts/prunes,root vegetables,onions,other vegetables,cream,soft cheese,sliced cheese
7,pork,citrus fruit,grapes,root vegetables,whole milk,ready soups,potted plants,,
12,turkey,tropical fruit,pip fruit,root vegetables,other vegetables,curd,butter milk,yogurt,curd cheese
2,margarine,newspapers,,,,,,,
2,butter milk,yogurt,,,,,,,
13,beef,tropical fruit,onions,other vegetables,whole milk,butter,curd,butter milk,yogurt
1,bottled water,,,,,,,,
5,pip fruit,whole milk,domestic eggs,bottled water,long life bakery product,,,,
2,whole milk,rice,,,,,,,
1,chocolate,,,,,,,,
5,frankfurter,chicken,butter milk,margarine,long life bakery product,,,,
2,whole milk,white bread,,,,,,,
4,sausage,root vegetables,domestic eggs,dish cleaner,,,,,
4,grapes,zwieback,soda,waffles,,,,,
1,brown bread,,,,,,,,
8,root vegetables,other vegetables,cream cheese,pasta,oil,margarine,salty snack,potted plants,
2,UHT-milk,bottled water,,,,,,,
1,onions,,,,,,,,
5,beef,bottled water,misc. beverages,specialty chocolate,shopping bags,,,,
4,pork,whole milk,rolls/buns,bottled beer,,,,,
4,canned beer,specialty chocolate,candy,shopping bags,,,,,
2,yogurt,margarine,,,,,,,
13,yogurt,whipped/sour cream,flour,margarine,sugar,baking powder,cat food,soda,fruit/vegetable juice
8,pip fruit,curd,dessert,yogurt,specialty chocolate,specialty bar,newspapers,shopping bags,
5,meat,chicken,root vegetables,whole milk,oil,,,,
3,coffee,misc. beverages,bottled beer,,,,,,
1,bottled water,,,,,,,,
2,bottled beer,liquor,,,,,,,
6,sausage,whole milk,whipped/sour cream,pasta,pet care,fruit/vegetable juice,,,
1,shopping bags,,,,,,,,
7,pork,herbs,other vegetables,yogurt,domestic eggs,specialty bar,dishes,,
4,frankfurter,other vegetables,specialty cheese,chewing gum,,,,,
1,ice cream,,,,,,,,
5,root vegetables,other vegetables,spread cheese,margarine,canned beer,,,,
10,sausage,tropical fruit,grapes,other vegetables,processed cheese,frozen meals,domestic eggs,white bread,salty snack
15,sausage,citrus fruit,pip fruit,root vegetables,other vegetables,whole milk,yogurt,whipped/sour cream,spread cheese
1,root vegetables,,,,,,,,
1,canned vegetables,,,,,,,,
6,tropical fruit,whole milk,white bread,brown bread,misc. beverages,bottled beer,,,
10,grapes,yogurt,UHT-milk,soft cheese,rolls/buns,fruit/vegetable juice,candy,dental care,newspapers
2,whole milk,pastry,,,,,,,
9,frankfurter,whole milk,yogurt,domestic eggs,brown bread,margarine,fruit/vegetable juice,canned beer,shopping bags
3,dessert,bottled water,soda,,,,,,
1,shopping bags,,,,,,,,
3,butter,rolls/buns,salt,,,,,,
14,frankfurter,ham,chicken,whole milk,butter,processed cheese,frozen vegetables,white bread,pastry
4,pork,ice cream,soda,cake bar,,,,,
5,whole milk,rolls/buns,roll products,zwieback,bottled beer,,,,
1,brown bread,,,,,,,,
3,frozen fish,canned beer,red/blush wine,,,,,,
2,soda,misc. beverages,,,,,,,
2,whole milk,frozen vegetables,,,,,,,
14,pork,hamburger meat,pip fruit,grapes,root vegetables,other vegetables,whole milk,yogurt,cream cheese
1,whipped/sour cream,,,,,,,,
11,frankfurter,pip fruit,root vegetables,curd,yogurt,UHT-milk,white bread,pastry,instant coffee
6,grapes,other vegetables,whole milk,butter,toilet cleaner,newspapers,,,
13,sausage,grapes,butter,curd,yogurt,whipped/sour cream,beverages,UHT-milk,sliced cheese
5,citrus fruit,white bread,liquor,specialty bar,shopping bags,,,,
8,ham,butter,yogurt,hard cheese,ice cream,domestic eggs,misc. beverages,fruit/vegetable juice,
1,chewing gum,,,,,,,,
1,beef,,,,,,,,
14,beef,tropical fruit,pip fruit,grapes,root vegetables,processed cheese,rolls/buns,white bread,pastry
7,other vegetables,whole milk,yogurt,specialty cheese,cereals,bottled beer,long life bakery product,,
10,frankfurter,sausage,ham,other vegetables,domestic eggs,rolls/buns,pastry,long life bakery product,specialty bar
1,canned fish,,,,,,,,
8,sausage,other vegetables,whole milk,sliced cheese,white bread,baking powder,pickled vegetables,rum,
6,bottled water,soda,fruit/vegetable juice,long life bakery product,chewing gum,candy,,,
1,specialty cheese,,,,,,,,
2,bottled water,soda,,,,,,,
3,bottled water,soda,chewing gum,,,,,,
15,chicken,beef,whole milk,curd,brown bread,pastry,sauces,pickled vegetables,bottled water
11,frankfurter,tropical fruit,dessert,pastry,flour,margarine,sugar,artif. sweetener,sauces
21,chicken,citrus fruit,root vegetables,other vegetables,whole milk,yogurt,hard cheese,processed cheese,mayonnaise
18,chicken,tropical fruit,whole milk,condensed milk,soft cheese,processed cheese,domestic eggs,white bread,pastry
6,butter,rolls/buns,pastry,bottled water,canned beer,waffles,,,
6,citrus fruit,root vegetables,dessert,yogurt,UHT-milk,brown bread,,,
3,whipped/sour cream,beverages,liquor (appetizer),,,,,,
3,frankfurter,turkey,citrus fruit,,,,,,
11,beef,citrus fruit,other vegetables,whole milk,domestic eggs,rolls/buns,brown bread,coffee,soda
4,chicken,other vegetables,white wine,specialty chocolate,,,,,
26,sausage,finished products,tropical fruit,pip fruit,other vegetables,butter,curd,dessert,butter milk
7,citrus fruit,whole milk,butter,dessert,UHT-milk,flower (seeds),shopping bags,,
3,ice cream,coffee,waffles,,,,,,
1,specialty chocolate,,,,,,,,
13,frankfurter,herbs,yogurt,UHT-milk,mayonnaise,frozen vegetables,margarine,bottled water,soda
1,pork,,,,,,,,
4,UHT-milk,vinegar,waffles,chocolate,,,,,
8,UHT-milk,domestic eggs,brown bread,coffee,soda,canned beer,liquor (appetizer),newspapers,
1,cookware,,,,,,,,
5,citrus fruit,butter,UHT-milk,margarine,bottled beer,,,,
11,sausage,hamburger meat,tropical fruit,onions,other vegetables,butter,yogurt,white bread,brown bread
9,frankfurter,root vegetables,other vegetables,domestic eggs,rolls/buns,pastry,soups,Instant food products,bottled water
7,citrus fruit,yogurt,UHT-milk,cream cheese,dish cleaner,house keeping products,shopping bags,,
11,ham,whole milk,processed cheese,white bread,semi-finished bread,bottled water,soda,fruit/vegetable juice,popcorn
8,ham,chicken,citrus fruit,pip fruit,herbs,other vegetables,butter,napkins,
2,bottled water,canned beer,,,,,,,
2,popcorn,candy,,,,,,,
6,tropical fruit,pip fruit,other vegetables,cream cheese,soda,bottled beer,,,
10,frankfurter,sausage,UHT-milk,frozen meals,frozen dessert,domestic eggs,rolls/buns,pastry,mustard
7,hamburger meat,citrus fruit,packaged fruit/vegetables,rolls/buns,vinegar,cocoa drinks,specialty chocolate,,
2,soda,candy,,,,,,,
6,sausage,root vegetables,rolls/buns,bottled water,white wine,flower (seeds),,,
7,yogurt,sliced cheese,frozen vegetables,frozen meals,pickled vegetables,coffee,instant coffee,,
16,meat,other vegetables,whole milk,yogurt,soft cheese,sliced cheese,domestic eggs,margarine,cat food
1,red/blush wine,,,,,,,,
2,UHT-milk,instant coffee,,,,,,,
1,brown bread,,,,,,,,
1,semi-finished bread,,,,,,,,
4,whole milk,soda,misc. beverages,shopping bags,,,,,
3,cat food,dish cleaner,shopping bags,,,,,,
17,citrus fruit,tropical fruit,pip fruit,grapes,root vegetables,other vegetables,whole milk,curd,dessert
9,citrus fruit,other vegetables,butter,soda,bottled beer,canned beer,waffles,chocolate,seasonal products
7,meat,other vegetables,packaged fruit/vegetables,cream cheese,margarine,bottled water,salty snack,,
1,rolls/buns,,,,,,,,
5,root vegetables,whipped/sour cream,salt,fruit/vegetable juice,salty snack,,,,
6,tropical fruit,other vegetables,whole milk,curd,whipped/sour cream,bottled beer,,,
5,brown bread,oil,sugar,soda,bottled beer,,,,
1,shopping bags,,,,,,,,
4,grapes,brown bread,bottled beer,white wine,,,,,
6,ham,tropical fruit,cream cheese,processed cheese,white bread,candy,,,
2,root vegetables,skin care,,,,,,,
5,ice cream,misc. beverages,canned beer,napkins,shopping bags,,,,
5,tropical fruit,other vegetables,bottled water,bottled beer,napkins,,,,
4,finished products,other vegetables,soda,fruit/vegetable juice,,,,,
1,dessert,,,,,,,,
1,sparkling wine,,,,,,,,
4,other vegetables,yogurt,oil,dental care,,,,,
1,misc. beverages,,,,,,,,
2,other vegetables,nut snack,,,,,,,
1,misc. beverages,,,,,,,,
6,dessert,yogurt,UHT-milk,soda,canned beer,light bulbs,,,
7,frankfurter,tropical fruit,cream cheese,rolls/buns,fruit/vegetable juice,kitchen towels,newspapers,,
10,sausage,citrus fruit,pip fruit,yogurt,beverages,sliced cheese,sugar,bottled water,soda
7,meat,citrus fruit,root vegetables,other vegetables,whipped/sour cream,semi-finished bread,salty snack,,
7,sausage,yogurt,pastry,margarine,soda,bottled beer,flower (seeds),,
1,onions,,,,,,,,
15,beef,citrus fruit,onions,herbs,other vegetables,whole milk,yogurt,whipped/sour cream,specialty cheese
9,pip fruit,other vegetables,butter,yogurt,whipped/sour cream,brown bread,pastry,fruit/vegetable juice,detergent
11,ham,hamburger meat,onions,other vegetables,processed cheese,frozen vegetables,domestic eggs,rolls/buns,white bread
2,yogurt,newspapers,,,,,,,
5,citrus fruit,grapes,curd,bottled water,waffles,,,,
2,other vegetables,sugar,,,,,,,
4,pork,frozen meals,frozen fish,shopping bags,,,,,
1,bathroom cleaner,,,,,,,,
8,ham,grapes,spread cheese,ice cream,frozen potato products,white bread,oil,pudding powder,
9,grapes,specialty cheese,pasta,coffee,bottled water,soda,canned beer,brandy,white wine
1,pastry,,,,,,,,
4,citrus fruit,bottled water,red/blush wine,photo/film,,,,,
1,photo/film,,,,,,,,
2,dessert,white bread,,,,,,,
4,citrus fruit,tropical fruit,pip fruit,long life bakery product,,,,,
1,soda,,,,,,,,
1,chewing gum,,,,,,,,
4,root vegetables,sliced cheese,soda,bottled beer,,,,,
2,pork,other vegetables,,,,,,,
4,turkey,whole milk,UHT-milk,fruit/vegetable juice,,,,,
5,tropical fruit,other vegetables,soda,candy,shopping bags,,,,
11,sausage,other vegetables,pasta,oil,margarine,coffee,syrup,canned beer,napkins
9,sausage,meat,other vegetables,brown bread,canned fish,bottled water,canned beer,liquor (appetizer),shopping bags
14,pork,tropical fruit,other vegetables,dessert,yogurt,roll products,flour,rice,coffee
6,sausage,citrus fruit,pip fruit,mayonnaise,brown bread,shopping bags,,,
3,grapes,chocolate,light bulbs,,,,,,
5,grapes,pastry,salty snack,light bulbs,shopping bags,,,,
6,other vegetables,yogurt,processed cheese,ketchup,bottled water,male cosmetics,,,
1,potted plants,,,,,,,,
2,bottled water,potted plants,,,,,,,
3,prosecco,hygiene articles,potted plants,,,,,,
4,UHT-milk,soda,dish cleaner,napkins,,,,,
5,bottled water,soda,chewing gum,specialty chocolate,candy,,,,
3,rolls/buns,canned fish,canned beer,,,,,,
1,specialty chocolate,,,,,,,,
10,beef,other vegetables,butter milk,yogurt,whipped/sour cream,cream cheese,white bread,fruit/vegetable juice,bottled beer
3,tropical fruit,pasta,bottled water,,,,,,
7,beef,root vegetables,other vegetables,butter,yogurt,rolls/buns,flour,,
2,rolls/buns,white wine,,,,,,,
5,berries,root vegetables,whipped/sour cream,roll products,bottled beer,,,,
8,sausage,hamburger meat,whole milk,rolls/buns,oil,pickled vegetables,softener,hygiene articles,
6,chicken,pork,beef,whole milk,curd,whipped/sour cream,,,
10,sausage,citrus fruit,whole milk,cream cheese,processed cheese,frozen vegetables,rolls/buns,pastry,fruit/vegetable juice
1,shopping bags,,,,,,,,
1,canned beer,,,,,,,,
2,soda,canned beer,,,,,,,
3,yogurt,UHT-milk,rolls/buns,,,,,,
3,rolls/buns,red/blush wine,newspapers,,,,,,
2,rolls/buns,coffee,,,,,,,
2,whole milk,brown bread,,,,,,,
15,citrus fruit,root vegetables,other vegetables,whole milk,curd,yogurt,whipped/sour cream,hard cheese,cream cheese
6,citrus fruit,tropical fruit,grapes,whole milk,brown bread,pastry,,,
2,brown bread,chocolate,,,,,,,
9,tropical fruit,other vegetables,whipped/sour cream,UHT-milk,frozen vegetables,oil,margarine,fruit/vegetable juice,kitchen towels
12,frankfurter,tropical fruit,butter,whipped/sour cream,frozen vegetables,rolls/buns,sugar,baking powder,bottled water
1,coffee,,,,,,,,
4,ham,rolls/buns,bottled beer,chewing gum,,,,,
5,other vegetables,curd,yogurt,pickled vegetables,bottled water,,,,
5,sausage,whole milk,curd,butter milk,whipped/sour cream,,,,
6,pork,whole milk,margarine,soda,canned beer,newspapers,,,
5,citrus fruit,yogurt,whipped/sour cream,soda,cookware,,,,
5,tropical fruit,whole milk,domestic eggs,pastry,hygiene articles,,,,
3,other vegetables,yogurt,cream cheese,,,,,,
6,pork,whole milk,sugar,soda,long life bakery product,chocolate,,,
16,chicken,pork,pip fruit,other vegetables,whole milk,tidbits,frozen fish,rolls/buns,margarine
5,root vegetables,whole milk,yogurt,rolls/buns,potted plants,,,,
4,citrus fruit,cake bar,baby cosmetics,shopping bags,,,,,
1,fruit/vegetable juice,,,,,,,,
5,beef,tropical fruit,whole milk,ice cream,cat food,,,,
32,frankfurter,sausage,liver loaf,ham,chicken,beef,citrus fruit,tropical fruit,root vegetables
12,frankfurter,pip fruit,other vegetables,yogurt,spread cheese,rolls/buns,white bread,pastry,coffee
9,beef,hamburger meat,other vegetables,rolls/buns,brown bread,bottled water,soda,bottled beer,canned beer
15,ham,pork,hamburger meat,pip fruit,other vegetables,whole milk,butter,curd,dessert
1,shopping bags,,,,,,,,
10,pork,root vegetables,other vegetables,specialty fat,sugar,baking powder,cat food,salty snack,waffles
5,condensed milk,bottled water,misc. beverages,bottled beer,bathroom cleaner,,,,
4,chicken,bottled beer,red/blush wine,newspapers,,,,,
5,sausage,meat,butter,domestic eggs,cat food,,,,
2,bottled beer,potted plants,,,,,,,
9,chicken,pork,grapes,other vegetables,domestic eggs,rolls/buns,pastry,soda,specialty bar
8,finished products,other vegetables,whole milk,whipped/sour cream,margarine,cereals,soda,salty snack,
19,pork,beef,citrus fruit,berries,root vegetables,other vegetables,whole milk,yogurt,cream cheese
4,root vegetables,whole milk,yogurt,frozen potato products,,,,,
3,domestic eggs,seasonal products,shopping bags,,,,,,
4,domestic eggs,specialty bar,seasonal products,shopping bags,,,,,
2,bottled water,soda,,,,,,,
1,cling film/bags,,,,,,,,
7,other vegetables,rolls/buns,bottled water,fruit/vegetable juice,canned beer,whisky,shopping bags,,
1,whole milk,,,,,,,,
12,sausage,meat,pork,whole milk,butter,whipped/sour cream,frozen vegetables,frozen dessert,white bread
5,sausage,mayonnaise,rolls/buns,canned beer,shopping bags,,,,
4,tropical fruit,sliced cheese,domestic eggs,zwieback,,,,,
10,frankfurter,beef,tropical fruit,pip fruit,butter,yogurt,dog food,long life bakery product,cookware
2,frozen potato products,potted plants,,,,,,,
4,frankfurter,sausage,packaged fruit/vegetables,soda,,,,,
3,frankfurter,other vegetables,zwieback,,,,,,
13,chicken,tropical fruit,pip fruit,root vegetables,herbs,other vegetables,dessert,yogurt,whipped/sour cream
7,tropical fruit,pip fruit,other vegetables,whole milk,napkins,dishes,flower (seeds),,
1,bottled beer,,,,,,,,
6,citrus fruit,grapes,rolls/buns,pastry,coffee,soda,,,
9,hamburger meat,pip fruit,whole milk,curd,beverages,brandy,male cosmetics,cookware,shopping bags
6,chicken,berries,mayonnaise,frozen vegetables,salty snack,newspapers,,,
1,pork,,,,,,,,
1,rolls/buns,,,,,,,,
1,bottled water,,,,,,,,
11,sausage,tropical fruit,whole milk,yogurt,processed cheese,pastry,margarine,Instant food products,coffee
3,frozen potato products,bottled water,soda,,,,,,
12,frankfurter,whole milk,whipped/sour cream,curd cheese,domestic eggs,margarine,baking powder,cat food,bottled water
18,sausage,root vegetables,other vegetables,whole milk,butter,whipped/sour cream,processed cheese,sugar,baking powder
4,tropical fruit,dessert,sweet spreads,fruit/vegetable juice,,,,,
1,bottled beer,,,,,,,,
1,bottled beer,,,,,,,,
2,rolls/buns,brown bread,,,,,,,
4,citrus fruit,tropical fruit,whole milk,coffee,,,,,
2,yogurt,softener,,,,,,,
17,turkey,pork,beef,hamburger meat,tropical fruit,root vegetables,onions,other vegetables,whole milk
2,soda,softener,,,,,,,
1,canned beer,,,,,,,,
1,canned beer,,,,,,,,
3,sausage,other vegetables,whole milk,,,,,,
10,pork,root vegetables,whole milk,curd,whipped/sour cream,rolls/buns,white bread,canned vegetables,soda
1,Instant food products,,,,,,,,
10,frankfurter,sausage,tropical fruit,whole milk,yogurt,pastry,sugar,bottled water,soda
3,oil,dental care,newspapers,,,,,,
5,chicken,hamburger meat,other vegetables,rolls/buns,shopping bags,,,,
5,beef,domestic eggs,rolls/buns,flour,candy,,,,
8,dessert,UHT-milk,bottled water,soda,canned beer,chewing gum,softener,shopping bags,
6,pork,citrus fruit,other vegetables,domestic eggs,margarine,canned beer,,,
5,curd,whipped/sour cream,flour,baking powder,newspapers,,,,
2,chicken,red/blush wine,,,,,,,
1,whipped/sour cream,,,,,,,,
10,frankfurter,ham,root vegetables,onions,whole milk,yogurt,rolls/buns,white bread,brown bread
7,frankfurter,root vegetables,rolls/buns,pastry,mustard,bottled beer,shopping bags,,
5,liver loaf,root vegetables,pet care,waffles,chocolate,,,,
7,pork,root vegetables,onions,other vegetables,whole milk,napkins,shopping bags,,
9,frankfurter,liver loaf,turkey,UHT-milk,pasta,waffles,chocolate,dental care,dishes
10,pork,citrus fruit,root vegetables,other vegetables,whole milk,butter,soda,dishes,newspapers
14,pork,tropical fruit,root vegetables,onions,other vegetables,whole milk,butter,whipped/sour cream,soft cheese
1,soda,,,,,,,,
5,root vegetables,rolls/buns,margarine,soda,bottled beer,,,,
4,whipped/sour cream,beverages,fruit/vegetable juice,chocolate,,,,,
1,chocolate,,,,,,,,
3,whole milk,frozen vegetables,specialty chocolate,,,,,,
6,pork,beef,whole milk,curd,rolls/buns,pastry,,,
2,coffee,shopping bags,,,,,,,
2,rolls/buns,waffles,,,,,,,
9,citrus fruit,other vegetables,whole milk,yogurt,hard cheese,specialty cheese,rolls/buns,flour,cat food
4,citrus fruit,yogurt,brown bread,pasta,,,,,
5,soda,chocolate,specialty chocolate,newspapers,shopping bags,,,,
2,cream cheese,rolls/buns,,,,,,,
1,soda,,,,,,,,
4,chicken,whipped/sour cream,coffee,shopping bags,,,,,
1,frozen fish,,,,,,,,
8,sausage,meat,chicken,root vegetables,other vegetables,whole milk,salt,salty snack,
5,beef,berries,other vegetables,white bread,shopping bags,,,,
11,ham,whole milk,hard cheese,frozen meals,rolls/buns,rice,soups,baking powder,canned vegetables
10,chicken,pork,root vegetables,onions,packaged fruit/vegetables,butter,hard cheese,salt,bottled water
9,herbs,other vegetables,whole milk,butter,white bread,margarine,misc. beverages,hygiene articles,shopping bags
2,grapes,root vegetables,,,,,,,
5,tropical fruit,pip fruit,whole milk,chewing gum,chocolate,,,,
13,frankfurter,meat,tropical fruit,berries,other vegetables,whole milk,whipped/sour cream,domestic eggs,margarine
7,onions,other vegetables,rolls/buns,salt,chocolate,specialty bar,shopping bags,,
11,sausage,organic sausage,citrus fruit,berries,yogurt,whipped/sour cream,domestic eggs,rolls/buns,canned vegetables
7,citrus fruit,other vegetables,soft cheese,rolls/buns,pastry,canned beer,newspapers,,
8,hamburger meat,pastry,soda,canned beer,detergent,softener,hygiene articles,shopping bags,
13,frankfurter,root vegetables,other vegetables,whole milk,whipped/sour cream,sliced cheese,frozen meals,frozen dessert,flour
2,sausage,pork,,,,,,,
3,root vegetables,other vegetables,yogurt,,,,,,
3,oil,dish cleaner,newspapers,,,,,,
1,canned beer,,,,,,,,
1,newspapers,,,,,,,,
6,pip fruit,root vegetables,other vegetables,whole milk,chewing gum,kitchen towels,,,
1,coffee,,,,,,,,
2,red/blush wine,specialty chocolate,,,,,,,
4,onions,vinegar,pet care,specialty bar,,,,,
10,frankfurter,berries,other vegetables,whole milk,soft cheese,domestic eggs,rolls/buns,brown bread,pastry
11,meat,beef,tropical fruit,pip fruit,berries,other vegetables,whole milk,white bread,brown bread
6,whole milk,canned fish,soda,bottled beer,hygiene articles,candles,,,
2,dessert,dishes,,,,,,,
3,hamburger meat,baking powder,sweet spreads,,,,,,
3,chewing gum,napkins,dishes,,,,,,
4,bottled water,fruit/vegetable juice,bottled beer,prosecco,,,,,
4,beverages,pastry,long life bakery product,chocolate marshmallow,,,,,
9,whole milk,yogurt,frozen meals,sugar,coffee,bottled water,fruit/vegetable juice,bottled beer,salty snack
14,citrus fruit,pip fruit,grapes,other vegetables,dessert,butter milk,yogurt,domestic eggs,flour
7,tropical fruit,whole milk,hard cheese,rolls/buns,cat food,bottled water,dish cleaner,,
2,cat food,soda,,,,,,,
4,whole milk,beverages,pastry,soda,,,,,
2,soda,fruit/vegetable juice,,,,,,,
3,sausage,yogurt,salty snack,,,,,,
14,root vegetables,whole milk,butter,yogurt,whipped/sour cream,soft cheese,cream cheese,domestic eggs,brown bread
6,berries,other vegetables,butter milk,yogurt,soda,newspapers,,,
1,other vegetables,,,,,,,,
6,sausage,pip fruit,root vegetables,bottled beer,abrasive cleaner,light bulbs,,,
3,beverages,bottled water,misc. beverages,,,,,,
5,chicken,root vegetables,roll products,vinegar,shopping bags,,,,
3,whole milk,yogurt,chocolate,,,,,,
5,sausage,hard cheese,rolls/buns,canned vegetables,dog food,,,,
14,ham,hamburger meat,citrus fruit,root vegetables,onions,other vegetables,whole milk,white bread,brown bread
2,whole milk,brown bread,,,,,,,
5,root vegetables,onions,whole milk,bottled water,dishes,,,,
2,citrus fruit,frozen potato products,,,,,,,
17,frankfurter,chicken,butter,dessert,butter milk,ice cream,pastry,oil,margarine
3,ice cream,salty snack,waffles,,,,,,
17,sausage,ham,meat,chicken,tropical fruit,other vegetables,whole milk,butter,yogurt
4,root vegetables,fruit/vegetable juice,long life bakery product,potted plants,,,,,
19,ham,tropical fruit,grapes,onions,other vegetables,yogurt,whipped/sour cream,soft cheese,sliced cheese
1,coffee,,,,,,,,
5,citrus fruit,frozen meals,canned beer,red/blush wine,salty snack,,,,
1,potted plants,,,,,,,,
2,other vegetables,chocolate,,,,,,,
3,whole milk,white bread,pastry,,,,,,
4,zwieback,oil,mustard,chocolate,,,,,
6,chicken,other vegetables,whole milk,domestic eggs,pastry,canned beer,,,
3,butter,yogurt,dog food,,,,,,
12,ham,dessert,frozen meals,frozen dessert,white bread,sweet spreads,soda,long life bakery product,specialty bar
5,whole milk,butter milk,soda,chewing gum,shopping bags,,,,
4,citrus fruit,misc. beverages,liquor,cling film/bags,,,,,
7,ham,herbs,other vegetables,curd,yogurt,cream cheese,light bulbs,,
1,canned beer,,,,,,,,
5,frankfurter,packaged fruit/vegetables,brown bread,margarine,waffles,,,,
4,chicken,tropical fruit,candy,shopping bags,,,,,
2,frankfurter,bottled beer,,,,,,,
1,bottled beer,,,,,,,,
4,other vegetables,cream cheese,coffee,dishes,,,,,
1,frozen potato products,,,,,,,,
2,chicken,whole milk,,,,,,,
11,sausage,meat,grapes,other vegetables,yogurt,soft cheese,domestic eggs,rolls/buns,margarine
1,canned beer,,,,,,,,
2,yogurt,chocolate,,,,,,,
3,frozen meals,pet care,soda,,,,,,
3,canned fruit,meat spreads,bottled water,,,,,,
3,butter,waffles,chocolate,,,,,,
5,yogurt,pastry,semi-finished bread,soda,shopping bags,,,,
4,citrus fruit,whole milk,soft cheese,canned beer,,,,,
2,meat,yogurt,,,,,,,
4,root vegetables,butter,frozen vegetables,salty snack,,,,,
7,frankfurter,sausage,whole milk,butter,dessert,pastry,fruit/vegetable juice,,
12,tropical fruit,other vegetables,packaged fruit/vegetables,whole milk,frozen meals,white bread,instant coffee,soda,female sanitary products
3,yogurt,sugar,instant coffee,,,,,,
4,root vegetables,other vegetables,white bread,sparkling wine,,,,,
4,yogurt,rolls/buns,pastry,soda,,,,,
1,oil,,,,,,,,
8,citrus fruit,pip fruit,grapes,berries,soft cheese,rolls/buns,oil,shopping bags,
10,beef,root vegetables,whole milk,butter milk,yogurt,beverages,cream cheese,sweet spreads,soda
12,citrus fruit,onions,other vegetables,whole milk,cream cheese,domestic eggs,sugar,bottled water,bottled beer
2,dessert,misc. beverages,,,,,,,
3,curd,jam,shopping bags,,,,,,
1,bottled water,,,,,,,,
4,sausage,domestic eggs,coffee,soda,,,,,
1,herbs,,,,,,,,
4,dog food,soda,fruit/vegetable juice,bottled beer,,,,,
11,packaged fruit/vegetables,whole milk,pastry,bottled water,soda,misc. beverages,chewing gum,specialty bar,hygiene articles
4,frankfurter,pork,specialty fat,specialty bar,,,,,
10,finished products,beef,tropical fruit,spread cheese,rolls/buns,waffles,chocolate,specialty chocolate,hair spray
1,oil,,,,,,,,
1,curd,,,,,,,,
2,herbs,potted plants,,,,,,,
7,sausage,other vegetables,sliced cheese,rolls/buns,coffee,soda,shopping bags,,
3,whole milk,sugar,pudding powder,,,,,,
2,sausage,waffles,,,,,,,
1,soda,,,,,,,,
4,whole milk,bottled water,soda,canned beer,,,,,
9,root vegetables,whole milk,brown bread,brandy,detergent,dish cleaner,female sanitary products,napkins,shopping bags
1,sugar,,,,,,,,
2,cream cheese,dishes,,,,,,,
6,other vegetables,misc. beverages,long life bakery product,chocolate,candy,shopping bags,,,
2,frozen fruits,detergent,,,,,,,
1,whipped/sour cream,,,,,,,,
1,yogurt,,,,,,,,
